{"has_child":1,"home_url":"https:\/\/doubledoor.in","child_file":{"doubledoor.in_wpvivid-617bcb384b969_2021-10-29-15-51_backup_db.zip":{"dump_db":1,"home_url":"https:\/\/doubledoor.in","file_type":"databases","root_flag":"custom","file":"doubledoor.in_wpvivid-617bcb384b969_2021-10-29-15-51_backup_db.zip","php_version":"7.4.21","mysql_version":"5.5.5"}},"root_flag":"custom","file":"doubledoor.in_wpvivid-617bcb384b969_2021-10-29-15-51_backup_all.zip","php_version":"7.4.21","mysql_version":"5.5.5"}